indicator,survey_id,survey_mid_calendar_quarter,area_id,area_name,res_type,sex,age_group,n_clusters,n_observations,n_eff_kish,estimate,std_error,ci_lower,ci_upper
eversex,LSO2014DHS,CY2014Q4,LSO,Lesotho,all,female,Y015_024,399,2829,1964.4531154778717,0.6842599182231415,0.01155553659939591,0.6611869297535776,0.7064592248493141
sex12m,LSO2014DHS,CY2014Q4,LSO,Lesotho,all,female,Y015_024,399,2829,1964.4531154778717,0.5885578225777539,0.011887993759192883,0.5650758085772315,0.6116433449443379
sexcohab,LSO2014DHS,CY2014Q4,LSO,Lesotho,all,female,Y015_024,399,2829,1964.4531154778717,0.3130581315595484,0.012330386581518424,0.28941264341298367,0.33771734212711235
sexnonreg,LSO2014DHS,CY2014Q4,LSO,Lesotho,all,female,Y015_024,399,2829,1964.4531154778717,0.27549969101820543,0.011433594590301275,0.2536635708121152,0.2984638206093545
sexpaid12m,LSO2014DHS,CY2014Q4,LSO,Lesotho,all,female,Y015_024,399,2829,1964.4531154778717,0,0,,
sti12m,LSO2014DHS,CY2014Q4,LSO,Lesotho,all,female,Y015_024,399,2842,1973.5992249849303,0.09766185066569928,0.006678833310314366,0.08533118303083609,0.11155702542776627
eversex,LSO2014DHS,CY2014Q4,LSO,Lesotho,all,female,Y015_019,389,1537,1068.8573017714987,0.4576468002789845,0.016312950922326996,0.42589115385589843,0.48975036543001604
sex12m,LSO2014DHS,CY2014Q4,LSO,Lesotho,all,female,Y015_019,389,1537,1068.8573017714987,0.37623032316991734,0.014858379402024252,0.34758513747862857,0.4057679793647312
sexcohab,LSO2014DHS,CY2014Q4,LSO,Lesotho,all,female,Y015_019,389,1537,1068.8573017714987,0.1560640542078035,0.011799913341712726,0.13430654410649223,0.18061089491027232
sexnonreg,LSO2014DHS,CY2014Q4,LSO,Lesotho,all,female,Y015_019,389,1537,1068.8573017714987,0.22016626896211383,0.013827825234358826,0.19426223385125305,0.24845935255035545
sexpaid12m,LSO2014DHS,CY2014Q4,LSO,Lesotho,all,female,Y015_019,389,1537,1068.8573017714987,0,0,,
sti12m,LSO2014DHS,CY2014Q4,LSO,Lesotho,all,female,Y015_019,389,1542,1072.416471677451,0.05683587694746783,0.007346744581660941,0.04403698555263203,0.0730703001041953
eversex,LSO2014DHS,CY2014Q4,LSO,Lesotho,all,female,Y020_024,382,1292,899.2175212774978,0.9314444739850748,0.008851193700934998,0.9119288570486458,0.946887504691714
sex12m,LSO2014DHS,CY2014Q4,LSO,Lesotho,all,female,Y020_024,382,1292,899.2175212774978,0.8201599429373599,0.012934809523752719,0.7934015424125657,0.8441334779253435
sexcohab,LSO2014DHS,CY2014Q4,LSO,Lesotho,all,female,Y020_024,382,1292,899.2175212774978,0.4843037841479769,0.018687108142112184,0.4478270370621783,0.5209485435533275
sexnonreg,LSO2014DHS,CY2014Q4,LSO,Lesotho,all,female,Y020_024,382,1292,899.2175212774978,0.33585615878938296,0.017764561955030723,0.3019751204548517,0.371515342352437
sexpaid12m,LSO2014DHS,CY2014Q4,LSO,Lesotho,all,female,Y020_024,382,1292,899.2175212774978,0,0,,
sti12m,LSO2014DHS,CY2014Q4,LSO,Lesotho,all,female,Y020_024,383,1300,904.9224081717961,0.1420082983406846,0.011638946786764649,0.12068764589577817,0.16638275812312225
eversex,LSO2014DHS,CY2014Q4,LSO,Lesotho,all,female,Y025_029,367,1065,749.945857449316,0.9842128154637267,0.004818249759697435,0.9713871012973863,0.9913406611538391
sex12m,LSO2014DHS,CY2014Q4,LSO,Lesotho,all,female,Y025_029,367,1067,751.4194413750274,0.8956889117173652,0.012097441342525455,0.8694877899302343,0.9171313191977648
sexcohab,LSO2014DHS,CY2014Q4,LSO,Lesotho,all,female,Y025_029,367,1067,751.4194413750274,0.6124633746998236,0.021757235699770065,0.5690596708878835,0.6541523466880295
sexnonreg,LSO2014DHS,CY2014Q4,LSO,Lesotho,all,female,Y025_029,367,1067,751.4194413750274,0.2832255370175416,0.016989647808600503,0.25113924129544013,0.31767226031773943
sexpaid12m,LSO2014DHS,CY2014Q4,LSO,Lesotho,all,female,Y025_029,367,1067,751.4194413750274,0,0,,
sti12m,LSO2014DHS,CY2014Q4,LSO,Lesotho,all,female,Y025_029,369,1072,755.519496793262,0.17547290278062078,0.015550622241032002,0.14704291051451393,0.20805887442882992
eversex,LSO2014DHS,CY2014Q4,LSO_1_1,Maseru,all,female,Y015_024,51,361,306.7333475713169,0.6762956618207407,0.03033676484445336,0.6142466170812423,0.7327071707168821
sex12m,LSO2014DHS,CY2014Q4,LSO_1_1,Maseru,all,female,Y015_024,51,361,306.7333475713169,0.6052547605436818,0.028581579485534934,0.5480867229053501,0.6596813440366547
sexcohab,LSO2014DHS,CY2014Q4,LSO_1_1,Maseru,all,female,Y015_024,51,361,306.7333475713169,0.27657226835591214,0.026245909990110818,0.22817749642014437,0.3308316115471241
sexnonreg,LSO2014DHS,CY2014Q4,LSO_1_1,Maseru,all,female,Y015_024,51,361,306.7333475713169,0.3286824921877696,0.027782600532693432,0.2766912958926559,0.38523979112089896
sexpaid12m,LSO2014DHS,CY2014Q4,LSO_1_1,Maseru,all,female,Y015_024,51,361,306.7333475713169,0,0,,
sti12m,LSO2014DHS,CY2014Q4,LSO_1_1,Maseru,all,female,Y015_024,51,363,308.2961011820529,0.10833318430976488,0.018945546586105855,0.07640060065095802,0.1514242095994188
eversex,LSO2014DHS,CY2014Q4,LSO_1_1,Maseru,all,female,Y015_019,48,167,141.59878135592496,0.39883834223737497,0.03960588079017415,0.32430332179109805,0.47837590057888735
sex12m,LSO2014DHS,CY2014Q4,LSO_1_1,Maseru,all,female,Y015_019,48,167,141.59878135592496,0.35853451315225293,0.03766518499205522,0.28849291232032814,0.43518032138006824
sexcohab,LSO2014DHS,CY2014Q4,LSO_1_1,Maseru,all,female,Y015_019,48,167,141.59878135592496,0.14949093990295,0.031742281762282894,0.09727124975051597,0.22282481711130966
sexnonreg,LSO2014DHS,CY2014Q4,LSO_1_1,Maseru,all,female,Y015_019,48,167,141.59878135592496,0.20904357324930295,0.038782887210213765,0.14302051052782283,0.2950515910368092
sexpaid12m,LSO2014DHS,CY2014Q4,LSO_1_1,Maseru,all,female,Y015_019,48,167,141.59878135592496,0,0,,
sti12m,LSO2014DHS,CY2014Q4,LSO_1_1,Maseru,all,female,Y015_019,48,168,142.1725050244708,0.06415763573550007,0.02083493758351121,0.033561771339036164,0.11920521650626674
eversex,LSO2014DHS,CY2014Q4,LSO_1_1,Maseru,all,female,Y020_024,51,194,165.15724748755784,0.9101049195622929,0.022650106830344394,0.8547438027434812,0.9457066475410207
sex12m,LSO2014DHS,CY2014Q4,LSO_1_1,Maseru,all,female,Y020_024,51,194,165.15724748755784,0.8131623334958876,0.028280311127071404,0.7513565903567185,0.8624180809924644
sexcohab,LSO2014DHS,CY2014Q4,LSO_1_1,Maseru,all,female,Y020_024,51,194,165.15724748755784,0.3836618600920922,0.03597647675038768,0.3159972879562413,0.45615290832573
sexnonreg,LSO2014DHS,CY2014Q4,LSO_1_1,Maseru,all,female,Y020_024,51,194,165.15724748755784,0.4295004734037954,0.0361416545976017,0.3605489744184234,0.501300808354239
sexpaid12m,LSO2014DHS,CY2014Q4,LSO_1_1,Maseru,all,female,Y020_024,51,194,165.15724748755784,0,0,,
sti12m,LSO2014DHS,CY2014Q4,LSO_1_1,Maseru,all,female,Y020_024,51,195,166.15214675433594,0.14540987563698543,0.028800911982578555,0.09749937134991506,0.21134993072214592
eversex,LSO2014DHS,CY2014Q4,LSO_1_1,Maseru,all,female,Y025_029,47,162,137.11693844187556,0.9696974994057702,0.013496192085498477,0.9286107493555357,0.9874569418386161
sex12m,LSO2014DHS,CY2014Q4,LSO_1_1,Maseru,all,female,Y025_029,47,162,137.11693844187556,0.8825071174647022,0.03354691923759676,0.799355295105529,0.9340423171731155
sexcohab,LSO2014DHS,CY2014Q4,LSO_1_1,Maseru,all,female,Y025_029,47,162,137.11693844187556,0.535342996168483,0.054225210952608294,0.42907050687696224,0.638500260483661
sexnonreg,LSO2014DHS,CY2014Q4,LSO_1_1,Maseru,all,female,Y025_029,47,162,137.11693844187556,0.3471641212962192,0.037683191585017706,0.27739755031391344,0.4241771920427121
sexpaid12m,LSO2014DHS,CY2014Q4,LSO_1_1,Maseru,all,female,Y025_029,47,162,137.11693844187556,0,0,,
sti12m,LSO2014DHS,CY2014Q4,LSO_1_1,Maseru,all,female,Y025_029,47,162,137.11693844187556,0.21592963041692617,0.042131656268851875,0.1446384222696736,0.3096395188840995
eversex,LSO2014DHS,CY2014Q4,LSO_1_2,Butha-Buthe,all,female,Y015_024,35,256,216.69488300984634,0.6979075343463663,0.024789078557626857,0.6472348485107972,0.7441783648821886
sex12m,LSO2014DHS,CY2014Q4,LSO_1_2,Butha-Buthe,all,female,Y015_024,35,256,216.69488300984634,0.5589698409988384,0.034795252263728545,0.49008743077678396,0.6256547007208426
sexcohab,LSO2014DHS,CY2014Q4,LSO_1_2,Butha-Buthe,all,female,Y015_024,35,256,216.69488300984634,0.38919630233644287,0.04832857704109407,0.29961139831649825,0.4869443371255264
sexnonreg,LSO2014DHS,CY2014Q4,LSO_1_2,Butha-Buthe,all,female,Y015_024,35,256,216.69488300984634,0.16977353866239556,0.025876444384244583,0.1248749706614572,0.22663463616798965
sexpaid12m,LSO2014DHS,CY2014Q4,LSO_1_2,Butha-Buthe,all,female,Y015_024,35,256,216.69488300984634,0,0,,
sti12m,LSO2014DHS,CY2014Q4,LSO_1_2,Butha-Buthe,all,female,Y015_024,35,258,217.46050392478628,0.050600579007178265,0.017383725152297462,0.02555349354452455,0.09773596674166658
eversex,LSO2014DHS,CY2014Q4,LSO_1_2,Butha-Buthe,all,female,Y015_019,34,126,106.25784513445824,0.478168330217756,0.04473646707531835,0.3920317973540177,0.5656230479960417
sex12m,LSO2014DHS,CY2014Q4,LSO_1_2,Butha-Buthe,all,female,Y015_019,34,126,106.25784513445824,0.3460963470516234,0.04601140536699434,0.2621701709994928,0.4408368998404708
sexcohab,LSO2014DHS,CY2014Q4,LSO_1_2,Butha-Buthe,all,female,Y015_019,34,126,106.25784513445824,0.17285589796918974,0.0367733109227202,0.11208493239210983,0.2570377847290401
sexnonreg,LSO2014DHS,CY2014Q4,LSO_1_2,Butha-Buthe,all,female,Y015_019,34,126,106.25784513445824,0.17324044908243363,0.0348707765023964,0.11506548494683574,0.25243743899425086
sexpaid12m,LSO2014DHS,CY2014Q4,LSO_1_2,Butha-Buthe,all,female,Y015_019,34,126,106.25784513445824,0,0,,
sti12m,LSO2014DHS,CY2014Q4,LSO_1_2,Butha-Buthe,all,female,Y015_019,34,127,107.13115279143948,0.02461027362407634,0.012211073573209736,0.009223804838554306,0.06400522288989703
eversex,LSO2014DHS,CY2014Q4,LSO_1_2,Butha-Buthe,all,female,Y020_024,34,130,110.44321775737647,0.9115897892683208,0.023126110354292004,0.8545568947007175,0.947628855130327
sex12m,LSO2014DHS,CY2014Q4,LSO_1_2,Butha-Buthe,all,female,Y020_024,34,130,110.44321775737647,0.7659756339802897,0.041862573901904836,0.6743677981533539,0.8380028984390325
sexcohab,LSO2014DHS,CY2014Q4,LSO_1_2,Butha-Buthe,all,female,Y020_024,34,130,110.44321775737647,0.5995734429074329,0.06670402030855807,0.4648435508886099,0.72075997058869
sexnonreg,LSO2014DHS,CY2014Q4,LSO_1_2,Butha-Buthe,all,female,Y020_024,34,130,110.44321775737647,0.16640219107285675,0.03802157174034823,0.10446434811374695,0.2546221655877049
sexpaid12m,LSO2014DHS,CY2014Q4,LSO_1_2,Butha-Buthe,all,female,Y020_024,34,130,110.44321775737647,0,0,,
sti12m,LSO2014DHS,CY2014Q4,LSO_1_2,Butha-Buthe,all,female,Y020_024,35,131,110.33596296444286,0.07555914735705685,0.03245852457990804,0.03182849013399137,0.16889215630634366
eversex,LSO2014DHS,CY2014Q4,LSO_1_2,Butha-Buthe,all,female,Y025_029,30,88,75.03021852747584,1,0,,
sex12m,LSO2014DHS,CY2014Q4,LSO_1_2,Butha-Buthe,all,female,Y025_029,30,88,75.03021852747584,0.8943136043588594,0.026138239594442305,0.8311163930683403,0.9356918940119541
sexcohab,LSO2014DHS,CY2014Q4,LSO_1_2,Butha-Buthe,all,female,Y025_029,30,88,75.03021852747584,0.6604292681225089,0.04088651906834558,0.5763667234492457,0.7354669802526749
sexnonreg,LSO2014DHS,CY2014Q4,LSO_1_2,Butha-Buthe,all,female,Y025_029,30,88,75.03021852747584,0.23388433623635047,0.03607875429392212,0.17063278635559215,0.31176864002117083
sexpaid12m,LSO2014DHS,CY2014Q4,LSO_1_2,Butha-Buthe,all,female,Y025_029,30,88,75.03021852747584,0,0,,
sti12m,LSO2014DHS,CY2014Q4,LSO_1_2,Butha-Buthe,all,female,Y025_029,31,89,76.02869409594989,0.1768834613580522,0.040321917753615745,0.11101571585727123,0.26996392859996104
eversex,LSO2014DHS,CY2014Q4,LSO_1_3,Leribe,all,female,Y015_024,46,340,307.18580779255063,0.7112337028118945,0.024538146597781415,0.6608789348502758,0.7568622735583127
sex12m,LSO2014DHS,CY2014Q4,LSO_1_3,Leribe,all,female,Y015_024,46,340,307.18580779255063,0.6294395038983518,0.02686866446665964,0.5754286885568816,0.6803956709940747
sexcohab,LSO2014DHS,CY2014Q4,LSO_1_3,Leribe,all,female,Y015_024,46,340,307.18580779255063,0.3193403063640228,0.03265499343357067,0.258983844992133,0.38642764767980825
sexnonreg,LSO2014DHS,CY2014Q4,LSO_1_3,Leribe,all,female,Y015_024,46,340,307.18580779255063,0.3100991975343291,0.027650899270364987,0.25865405165213246,0.3667150770315384
sexpaid12m,LSO2014DHS,CY2014Q4,LSO_1_3,Leribe,all,female,Y015_024,46,340,307.18580779255063,0,0,,
sti12m,LSO2014DHS,CY2014Q4,LSO_1_3,Leribe,all,female,Y015_024,46,340,307.18580779255063,0.11159153834533775,0.015190400776442806,0.08510691941097474,0.14501163049897586
eversex,LSO2014DHS,CY2014Q4,LSO_1_3,Leribe,all,female,Y015_019,46,185,167.31623919414054,0.5040604238529577,0.03806636262640695,0.42991145324674773,0.5780312159197776
sex12m,LSO2014DHS,CY2014Q4,LSO_1_3,Leribe,all,female,Y015_019,46,185,167.31623919414054,0.40760555204941845,0.036742587097974094,0.3380237813627161,0.48110095915013157
sexcohab,LSO2014DHS,CY2014Q4,LSO_1_3,Leribe,all,female,Y015_019,46,185,167.31623919414054,0.14720246315885466,0.026040200156155963,0.10309680431101062,0.2058463549485873
sexnonreg,LSO2014DHS,CY2014Q4,LSO_1_3,Leribe,all,female,Y015_019,46,185,167.31623919414054,0.2604030888905638,0.02975317786523082,0.206416360248943,0.3227668300086899
sexpaid12m,LSO2014DHS,CY2014Q4,LSO_1_3,Leribe,all,female,Y015_019,46,185,167.31623919414054,0,0,,
sti12m,LSO2014DHS,CY2014Q4,LSO_1_3,Leribe,all,female,Y015_019,46,185,167.31623919414054,0.05602977994415511,0.01655625919726759,0.031136666168423557,0.09879505813088349
eversex,LSO2014DHS,CY2014Q4,LSO_1_3,Leribe,all,female,Y020_024,44,155,139.89571382295657,0.9544700415800017,0.016199573134305693,0.909879523366056,0.9775422697248121
sex12m,LSO2014DHS,CY2014Q4,LSO_1_3,Leribe,all,female,Y020_024,44,155,139.89571382295657,0.8898885276978451,0.021120416359997913,0.841194949350705,0.9249829476105704
sexcohab,LSO2014DHS,CY2014Q4,LSO_1_3,Leribe,all,female,Y020_024,44,155,139.89571382295657,0.5214425222244118,0.05092473211212267,0.4221007669465898,0.6191167344302728
sexnonreg,LSO2014DHS,CY2014Q4,LSO_1_3,Leribe,all,female,Y020_024,44,155,139.89571382295657,0.3684460054734333,0.04860658840245524,0.2792268976408407,0.4676754358421735
sexpaid12m,LSO2014DHS,CY2014Q4,LSO_1_3,Leribe,all,female,Y020_024,44,155,139.89571382295657,0,0,,
sti12m,LSO2014DHS,CY2014Q4,LSO_1_3,Leribe,all,female,Y020_024,44,155,139.89571382295657,0.17682504122241724,0.029565471364003296,0.12607557304658037,0.2423380630483412
eversex,LSO2014DHS,CY2014Q4,LSO_1_3,Leribe,all,female,Y025_029,40,118,106.55961565449802,1,0,,
sex12m,LSO2014DHS,CY2014Q4,LSO_1_3,Leribe,all,female,Y025_029,40,118,106.55961565449802,0.9371996593905009,0.01998913806385439,0.8846562780112004,0.9667083124746804
sexcohab,LSO2014DHS,CY2014Q4,LSO_1_3,Leribe,all,female,Y025_029,40,118,106.55961565449802,0.6315049157592911,0.052903043050386435,0.5232591690568908,0.7279512564797272
sexnonreg,LSO2014DHS,CY2014Q4,LSO_1_3,Leribe,all,female,Y025_029,40,118,106.55961565449802,0.30569474363120974,0.0494868281132581,0.21800900067711634,0.4101506874437347
sexpaid12m,LSO2014DHS,CY2014Q4,LSO_1_3,Leribe,all,female,Y025_029,40,118,106.55961565449802,0,0,,
sti12m,LSO2014DHS,CY2014Q4,LSO_1_3,Leribe,all,female,Y025_029,40,118,106.55961565449802,0.1154229765495405,0.033590305745033626,0.06408468071546332,0.19913767238054852
eversex,LSO2014DHS,CY2014Q4,LSO_1_4,Berea,all,female,Y015_024,43,314,283.3740658404737,0.6871737502257211,0.032211664247628106,0.6208711994244167,0.7466133443085249
sex12m,LSO2014DHS,CY2014Q4,LSO_1_4,Berea,all,female,Y015_024,43,314,283.3740658404737,0.5829934413791285,0.03121102378031708,0.5208507611398067,0.6426068182709533
sexcohab,LSO2014DHS,CY2014Q4,LSO_1_4,Berea,all,female,Y015_024,43,314,283.3740658404737,0.2456363160732087,0.030329095198799345,0.1911086612682069,0.3097640410124226
sexnonreg,LSO2014DHS,CY2014Q4,LSO_1_4,Berea,all,female,Y015_024,43,314,283.3740658404737,0.33735712530591977,0.02930583856877724,0.2825120882728535,0.3969586969790325
sexpaid12m,LSO2014DHS,CY2014Q4,LSO_1_4,Berea,all,female,Y015_024,43,314,283.3740658404737,0,0,,
sti12m,LSO2014DHS,CY2014Q4,LSO_1_4,Berea,all,female,Y015_024,43,314,283.3740658404737,0.1153753061059847,0.016984119755842828,0.08602820484952273,0.15305715978631693
eversex,LSO2014DHS,CY2014Q4,LSO_1_4,Berea,all,female,Y015_019,43,170,152.9973653034448,0.49442502806968136,0.05036031229225503,0.3971947418382543,0.5920788377126126
sex12m,LSO2014DHS,CY2014Q4,LSO_1_4,Berea,all,female,Y015_019,43,170,152.9973653034448,0.41403815636506386,0.044158491712749375,0.33091773589080337,0.5023610141831801
sexcohab,LSO2014DHS,CY2014Q4,LSO_1_4,Berea,all,female,Y015_019,43,170,152.9973653034448,0.14934623508471062,0.036178654758722166,0.09129777596989402,0.2347673861431259
sexnonreg,LSO2014DHS,CY2014Q4,LSO_1_4,Berea,all,female,Y015_019,43,170,152.9973653034448,0.26469192128035324,0.043484775143434885,0.18852494247754784,0.35805348305873014
sexpaid12m,LSO2014DHS,CY2014Q4,LSO_1_4,Berea,all,female,Y015_019,43,170,152.9973653034448,0,0,,
sti12m,LSO2014DHS,CY2014Q4,LSO_1_4,Berea,all,female,Y015_019,43,170,152.9973653034448,0.07995805025724169,0.02668541105040564,0.0409383299217509,0.15033887395692555
eversex,LSO2014DHS,CY2014Q4,LSO_1_4,Berea,all,female,Y020_024,43,144,130.38958241294645,0.916424549673383,0.02021647808565549,0.867310752683651,0.9484400028750355
sex12m,LSO2014DHS,CY2014Q4,LSO_1_4,Berea,all,female,Y020_024,43,144,130.38958241294645,0.7839448859704211,0.034311704055968895,0.7092531731487685,0.8436777073055896
sexcohab,LSO2014DHS,CY2014Q4,LSO_1_4,Berea,all,female,Y020_024,43,144,130.38958241294645,0.36016147503962104,0.04514880487571108,0.27714669088690125,0.4524770436560276
sexnonreg,LSO2014DHS,CY2014Q4,LSO_1_4,Berea,all,female,Y020_024,43,144,130.38958241294645,0.4237834109308001,0.03686140143065913,0.35362933937062185,0.49715042938035553
sexpaid12m,LSO2014DHS,CY2014Q4,LSO_1_4,Berea,all,female,Y020_024,43,144,130.38958241294645,0,0,,
sti12m,LSO2014DHS,CY2014Q4,LSO_1_4,Berea,all,female,Y020_024,43,144,130.38958241294645,0.1574997577067254,0.02766788421963033,0.11050222903379567,0.2195520437941053
eversex,LSO2014DHS,CY2014Q4,LSO_1_4,Berea,all,female,Y025_029,41,135,119.9739816738326,0.987357915984737,0.008593286092720835,0.9529649066794457,0.9966894292803171
sex12m,LSO2014DHS,CY2014Q4,LSO_1_4,Berea,all,female,Y025_029,41,135,119.9739816738326,0.8780572357874,0.026119461863147057,0.8169836810053915,0.9207277446568303
sexcohab,LSO2014DHS,CY2014Q4,LSO_1_4,Berea,all,female,Y025_029,41,135,119.9739816738326,0.5758441919239523,0.05029338721212136,0.4755588095042487,0.6702498422480214
sexnonreg,LSO2014DHS,CY2014Q4,LSO_1_4,Berea,all,female,Y025_029,41,135,119.9739816738326,0.30221304386344777,0.04513686142948824,0.22161274928091132,0.39717006006006284
sexpaid12m,LSO2014DHS,CY2014Q4,LSO_1_4,Berea,all,female,Y025_029,41,135,119.9739816738326,0,0,,
sti12m,LSO2014DHS,CY2014Q4,LSO_1_4,Berea,all,female,Y025_029,41,137,121.82162771081349,0.163269738462953,0.030735426410990835,0.11154508959455137,0.23269761222055232
eversex,LSO2014DHS,CY2014Q4,LSO_1_5,Mafeteng,all,female,Y015_024,40,280,256.63082139090164,0.6576963430439597,0.028971661541667065,0.5988851872852234,0.7120308778860466
sex12m,LSO2014DHS,CY2014Q4,LSO_1_5,Mafeteng,all,female,Y015_024,40,280,256.63082139090164,0.5745768261431152,0.031511240125417186,0.5119689316910165,0.6348809422198833
sexcohab,LSO2014DHS,CY2014Q4,LSO_1_5,Mafeteng,all,female,Y015_024,40,280,256.63082139090164,0.3361609946958312,0.03408499901692696,0.2729285635803826,0.4058654088825489
sexnonreg,LSO2014DHS,CY2014Q4,LSO_1_5,Mafeteng,all,female,Y015_024,40,280,256.63082139090164,0.23841583144728395,0.02429409758451931,0.19409431771353464,0.2892259829232174
sexpaid12m,LSO2014DHS,CY2014Q4,LSO_1_5,Mafeteng,all,female,Y015_024,40,280,256.63082139090164,0,0,,
sti12m,LSO2014DHS,CY2014Q4,LSO_1_5,Mafeteng,all,female,Y015_024,40,282,258.2827260915925,0.08227943566460276,0.01302901294147635,0.06008893942974196,0.11169095111297601
eversex,LSO2014DHS,CY2014Q4,LSO_1_5,Mafeteng,all,female,Y015_019,39,164,150.10695306718023,0.43706333060446817,0.04657700333308327,0.3488439235644471,0.5294525375521685
sex12m,LSO2014DHS,CY2014Q4,LSO_1_5,Mafeteng,all,female,Y015_019,39,164,150.10695306718023,0.373000134814733,0.03702206413144226,0.30372284836049046,0.44791392021672627
sexcohab,LSO2014DHS,CY2014Q4,LSO_1_5,Mafeteng,all,female,Y015_019,39,164,150.10695306718023,0.14567897598746668,0.03118942141732308,0.09448369879148183,0.21793767881893342
sexnonreg,LSO2014DHS,CY2014Q4,LSO_1_5,Mafeteng,all,female,Y015_019,39,164,150.10695306718023,0.22732115882726628,0.03229241840759972,0.1702526929359983,0.29667915519477167
sexpaid12m,LSO2014DHS,CY2014Q4,LSO_1_5,Mafeteng,all,female,Y015_019,39,164,150.10695306718023,0,0,,
sti12m,LSO2014DHS,CY2014Q4,LSO_1_5,Mafeteng,all,female,Y015_019,39,166,151.77292621839092,0.04681772519242274,0.014914485077292658,0.02487778207161784,0.0863924469416757
eversex,LSO2014DHS,CY2014Q4,LSO_1_5,Mafeteng,all,female,Y020_024,39,116,106.59484957489923,0.9581087987350184,0.020556619095449404,0.8934095315506838,0.9842295322605611
sex12m,LSO2014DHS,CY2014Q4,LSO_1_5,Mafeteng,all,female,Y020_024,39,116,106.59484957489923,0.8490423205969214,0.03454027972938833,0.7683326828754727,0.9051065984434524
sexcohab,LSO2014DHS,CY2014Q4,LSO_1_5,Mafeteng,all,female,Y020_024,39,116,106.59484957489923,0.5955200560278854,0.046216277890139316,0.5026948194475264,0.6819800843440074
sexnonreg,LSO2014DHS,CY2014Q4,LSO_1_5,Mafeteng,all,female,Y020_024,39,116,106.59484957489923,0.25352226456903604,0.04661821547037595,0.17325697108828614,0.35500510295085247
sexpaid12m,LSO2014DHS,CY2014Q4,LSO_1_5,Mafeteng,all,female,Y020_024,39,116,106.59484957489923,0,0,,
sti12m,LSO2014DHS,CY2014Q4,LSO_1_5,Mafeteng,all,female,Y020_024,39,116,106.59484957489923,0.1309491796894338,0.02886133482643755,0.08396449079434325,0.19852743368600925
eversex,LSO2014DHS,CY2014Q4,LSO_1_5,Mafeteng,all,female,Y025_029,38,109,102.3725578158773,0.9650165305945315,0.018429959552770644,0.9044166576655643,0.9877178194271536
sex12m,LSO2014DHS,CY2014Q4,LSO_1_5,Mafeteng,all,female,Y025_029,38,109,102.3725578158773,0.9045880901323944,0.02399031972799666,0.8461195085142191,0.9423544387734943
sexcohab,LSO2014DHS,CY2014Q4,LSO_1_5,Mafeteng,all,female,Y025_029,38,109,102.3725578158773,0.6424664304372668,0.04198550426834249,0.5567149314264829,0.7199735393710741
sexnonreg,LSO2014DHS,CY2014Q4,LSO_1_5,Mafeteng,all,female,Y025_029,38,109,102.3725578158773,0.26212165969512763,0.03811606132655099,0.19447037149073207,0.3432779808021702
sexpaid12m,LSO2014DHS,CY2014Q4,LSO_1_5,Mafeteng,all,female,Y025_029,38,109,102.3725578158773,0,0,,
sti12m,LSO2014DHS,CY2014Q4,LSO_1_5,Mafeteng,all,female,Y025_029,38,109,102.3725578158773,0.17320768401451114,0.037167265641555904,0.11187376964355294,0.2583845932308258
eversex,LSO2014DHS,CY2014Q4,LSO_1_6,Mohale's Hoek,all,female,Y015_024,39,259,182.1417677990176,0.7363011663705009,0.03843563824178894,0.6544919587501185,0.8045250294543199
sex12m,LSO2014DHS,CY2014Q4,LSO_1_6,Mohale's Hoek,all,female,Y015_024,39,259,182.1417677990176,0.5922173137588692,0.05546422382299998,0.4807584020766362,0.694932768569843
sexcohab,LSO2014DHS,CY2014Q4,LSO_1_6,Mohale's Hoek,all,female,Y015_024,39,259,182.1417677990176,0.3573268372672288,0.0465128957639425,0.27210620201727503,0.4526403688595174
sexnonreg,LSO2014DHS,CY2014Q4,LSO_1_6,Mohale's Hoek,all,female,Y015_024,39,259,182.1417677990176,0.23489047649164047,0.0394236446288282,0.16647097467506738,0.320613958991583
sexpaid12m,LSO2014DHS,CY2014Q4,LSO_1_6,Mohale's Hoek,all,female,Y015_024,39,259,182.1417677990176,0,0,,
sti12m,LSO2014DHS,CY2014Q4,LSO_1_6,Mohale's Hoek,all,female,Y015_024,39,262,184.67247731897626,0.06979955896810065,0.016950464765405945,0.04304728560845083,0.11124466726270216
eversex,LSO2014DHS,CY2014Q4,LSO_1_6,Mohale's Hoek,all,female,Y015_019,37,133,91.46543622944304,0.5160305558097878,0.04807993620502618,0.4223378913604772,0.6086096851956946
sex12m,LSO2014DHS,CY2014Q4,LSO_1_6,Mohale's Hoek,all,female,Y015_019,37,133,91.46543622944304,0.4039523162009859,0.05907252736910558,0.2952775806317416,0.522943993120998
sexcohab,LSO2014DHS,CY2014Q4,LSO_1_6,Mohale's Hoek,all,female,Y015_019,37,133,91.46543622944304,0.182439515036955,0.043662150321724644,0.1116848766928949,0.28370296439146503
sexnonreg,LSO2014DHS,CY2014Q4,LSO_1_6,Mohale's Hoek,all,female,Y015_019,37,133,91.46543622944304,0.22151280116403085,0.0458773037430024,0.14451295945887185,0.3240015294295412
sexpaid12m,LSO2014DHS,CY2014Q4,LSO_1_6,Mohale's Hoek,all,female,Y015_019,37,133,91.46543622944304,0,0,,
sti12m,LSO2014DHS,CY2014Q4,LSO_1_6,Mohale's Hoek,all,female,Y015_019,37,134,92.30353910893287,0.025685948085138917,0.012449246356819267,0.009846230285622455,0.06532600286541661
eversex,LSO2014DHS,CY2014Q4,LSO_1_6,Mohale's Hoek,all,female,Y020_024,38,126,90.7813441926129,0.9478247111442228,0.031964174088702446,0.8365432197704116,0.9847287103768484
sex12m,LSO2014DHS,CY2014Q4,LSO_1_6,Mohale's Hoek,all,female,Y020_024,38,126,90.7813441926129,0.7730062058352516,0.05558752419246581,0.6466748040657264,0.8636890478817225
sexcohab,LSO2014DHS,CY2014Q4,LSO_1_6,Mohale's Hoek,all,female,Y020_024,38,126,90.7813441926129,0.5252692887815916,0.054483109071640085,0.4189536698097681,0.6293424235876448
sexnonreg,LSO2014DHS,CY2014Q4,LSO_1_6,Mohale's Hoek,all,female,Y020_024,38,126,90.7813441926129,0.24773691705365997,0.05398134046593414,0.1573028212154877,0.3674893883200348
sexpaid12m,LSO2014DHS,CY2014Q4,LSO_1_6,Mohale's Hoek,all,female,Y020_024,38,126,90.7813441926129,0,0,,
sti12m,LSO2014DHS,CY2014Q4,LSO_1_6,Mohale's Hoek,all,female,Y020_024,38,128,92.47182802684881,0.11180205594813825,0.028313854712390472,0.06715067322376159,0.18040224720981082
eversex,LSO2014DHS,CY2014Q4,LSO_1_6,Mohale's Hoek,all,female,Y025_029,37,106,83.39962885851584,1,0,,
sex12m,LSO2014DHS,CY2014Q4,LSO_1_6,Mohale's Hoek,all,female,Y025_029,37,106,83.39962885851584,0.9040404652425115,0.027589745653802743,0.8347420286658603,0.9461541438957786
sexcohab,LSO2014DHS,CY2014Q4,LSO_1_6,Mohale's Hoek,all,female,Y025_029,37,106,83.39962885851584,0.6501704919381447,0.04618408381698549,0.5552269626953649,0.7345369355976683
sexnonreg,LSO2014DHS,CY2014Q4,LSO_1_6,Mohale's Hoek,all,female,Y025_029,37,106,83.39962885851584,0.2538699733043667,0.04418970705592412,0.17721711158612455,0.349590756563154
sexpaid12m,LSO2014DHS,CY2014Q4,LSO_1_6,Mohale's Hoek,all,female,Y025_029,37,106,83.39962885851584,0,0,,
sti12m,LSO2014DHS,CY2014Q4,LSO_1_6,Mohale's Hoek,all,female,Y025_029,37,107,84.24661175510097,0.16560778214371263,0.03570670593939607,0.10682950125938408,0.24775544772853975
eversex,LSO2014DHS,CY2014Q4,LSO_1_7,Quthing,all,female,Y015_024,35,273,241.49629056350082,0.7295650832514486,0.03704562118577369,0.6512204926867564,0.7958289062821505
sex12m,LSO2014DHS,CY2014Q4,LSO_1_7,Quthing,all,female,Y015_024,35,273,241.49629056350082,0.5894135060459729,0.0313362875791421,0.5269123369649892,0.6491555184261892
sexcohab,LSO2014DHS,CY2014Q4,LSO_1_7,Quthing,all,female,Y015_024,35,273,241.49629056350082,0.28771151184222815,0.032894079116541686,0.22773935216134622,0.3561923481680637
sexnonreg,LSO2014DHS,CY2014Q4,LSO_1_7,Quthing,all,female,Y015_024,35,273,241.49629056350082,0.30170199420374477,0.0323003747276531,0.242375299429263,0.36848734782104625
sexpaid12m,LSO2014DHS,CY2014Q4,LSO_1_7,Quthing,all,female,Y015_024,35,273,241.49629056350082,0,0,,
sti12m,LSO2014DHS,CY2014Q4,LSO_1_7,Quthing,all,female,Y015_024,35,274,242.4801639165198,0.07966604356944877,0.021157515334637216,0.04686554691222515,0.13223811670853441
eversex,LSO2014DHS,CY2014Q4,LSO_1_7,Quthing,all,female,Y015_019,33,148,132.72507465841022,0.5183618519041806,0.05490904495152826,0.411545532055714,0.623525840093355
sex12m,LSO2014DHS,CY2014Q4,LSO_1_7,Quthing,all,female,Y015_019,33,148,132.72507465841022,0.34534273376575,0.042430722048379374,0.2674852744763096,0.4324824211095709
sexcohab,LSO2014DHS,CY2014Q4,LSO_1_7,Quthing,all,female,Y015_019,33,148,132.72507465841022,0.08793387817769474,0.025222297321330005,0.04947675416743554,0.15151792657267793
sexnonreg,LSO2014DHS,CY2014Q4,LSO_1_7,Quthing,all,female,Y015_019,33,148,132.72507465841022,0.2574088555880552,0.036734975745263,0.19214313004468467,0.335633202677068
sexpaid12m,LSO2014DHS,CY2014Q4,LSO_1_7,Quthing,all,female,Y015_019,33,148,132.72507465841022,0,0,,
sti12m,LSO2014DHS,CY2014Q4,LSO_1_7,Quthing,all,female,Y015_019,33,148,132.72507465841022,0.03763148427466372,0.015423059254291112,0.016687818023532735,0.08265069052228048
eversex,LSO2014DHS,CY2014Q4,LSO_1_7,Quthing,all,female,Y020_024,34,125,109.01105358262745,0.970974212334993,0.014994269569958427,0.921821840181542,0.9895729370483551
sex12m,LSO2014DHS,CY2014Q4,LSO_1_7,Quthing,all,female,Y020_024,34,125,109.01105358262745,0.8683908313220089,0.02413098793505068,0.8135092015900611,0.9089296196461155
sexcohab,LSO2014DHS,CY2014Q4,LSO_1_7,Quthing,all,female,Y020_024,34,125,109.01105358262745,0.5160609752745744,0.04752023788317921,0.42343926059907366,0.6075922727812965
sexnonreg,LSO2014DHS,CY2014Q4,LSO_1_7,Quthing,all,female,Y020_024,34,125,109.01105358262745,0.3523298560474345,0.04376055415494574,0.271965152039529,0.44202383781398535
sexpaid12m,LSO2014DHS,CY2014Q4,LSO_1_7,Quthing,all,female,Y020_024,34,125,109.01105358262745,0,0,,
sti12m,LSO2014DHS,CY2014Q4,LSO_1_7,Quthing,all,female,Y020_024,34,126,109.98697365509685,0.12734303864358723,0.03299218485691038,0.07540045985000425,0.20705512234925952
eversex,LSO2014DHS,CY2014Q4,LSO_1_7,Quthing,all,female,Y025_029,33,85,75.95030900742447,0.9816301321929287,0.016705270069048626,0.8968577250765696,0.9969641334170739
sex12m,LSO2014DHS,CY2014Q4,LSO_1_7,Quthing,all,female,Y025_029,33,86,76.95025882232878,0.8182178875956408,0.031216036362727288,0.7489415844022073,0.8716541795081081
sexcohab,LSO2014DHS,CY2014Q4,LSO_1_7,Quthing,all,female,Y025_029,33,86,76.95025882232878,0.4818041439572186,0.05823891294677174,0.3705155468210394,0.5949277661201245
sexnonreg,LSO2014DHS,CY2014Q4,LSO_1_7,Quthing,all,female,Y025_029,33,86,76.95025882232878,0.33641374363842225,0.061083396549073035,0.22871034965734285,0.46430420541077905
sexpaid12m,LSO2014DHS,CY2014Q4,LSO_1_7,Quthing,all,female,Y025_029,33,86,76.95025882232878,0,0,,
sti12m,LSO2014DHS,CY2014Q4,LSO_1_7,Quthing,all,female,Y025_029,34,87,77.65283492780077,0.15035074523563924,0.03934406483490048,0.0882253623885896,0.24449211879575714
eversex,LSO2014DHS,CY2014Q4,LSO_1_8,Qacha's Nek,all,female,Y015_024,38,238,214.12359884523434,0.6973427575007218,0.03127094673871691,0.6328073400169126,0.7549284654053595
sex12m,LSO2014DHS,CY2014Q4,LSO_1_8,Qacha's Nek,all,female,Y015_024,38,238,214.12359884523434,0.5762994335359651,0.03846227573755696,0.49971812881178873,0.6493830057007429
sexcohab,LSO2014DHS,CY2014Q4,LSO_1_8,Qacha's Nek,all,female,Y015_024,38,238,214.12359884523434,0.30303521914542464,0.040021717296643236,0.23071397353123746,0.3866329879777322
sexnonreg,LSO2014DHS,CY2014Q4,LSO_1_8,Qacha's Nek,all,female,Y015_024,38,238,214.12359884523434,0.27326421439054044,0.03594340040074713,0.20868634703842126,0.34901183114047596
sexpaid12m,LSO2014DHS,CY2014Q4,LSO_1_8,Qacha's Nek,all,female,Y015_024,38,238,214.12359884523434,0,0,,
sti12m,LSO2014DHS,CY2014Q4,LSO_1_8,Qacha's Nek,all,female,Y015_024,38,238,214.12359884523434,0.11808562725875758,0.02125135694122933,0.08236492551032748,0.1664873150755264
eversex,LSO2014DHS,CY2014Q4,LSO_1_8,Qacha's Nek,all,female,Y015_019,37,144,130.110414857722,0.5469559880813244,0.047051410666568934,0.4541840157292779,0.6365769166846085
sex12m,LSO2014DHS,CY2014Q4,LSO_1_8,Qacha's Nek,all,female,Y015_019,37,144,130.110414857722,0.42455490705063703,0.05562599705809275,0.3207422839453417,0.5354796984231509
sexcohab,LSO2014DHS,CY2014Q4,LSO_1_8,Qacha's Nek,all,female,Y015_019,37,144,130.110414857722,0.13570523615052543,0.03160156830910177,0.08474880428489655,0.2102613944803669
sexnonreg,LSO2014DHS,CY2014Q4,LSO_1_8,Qacha's Nek,all,female,Y015_019,37,144,130.110414857722,0.2888496709001116,0.05591107883899892,0.19240615499120475,0.40914423727773513
sexpaid12m,LSO2014DHS,CY2014Q4,LSO_1_8,Qacha's Nek,all,female,Y015_019,37,144,130.110414857722,0,0,,
sti12m,LSO2014DHS,CY2014Q4,LSO_1_8,Qacha's Nek,all,female,Y015_019,37,144,130.110414857722,0.05678386282312553,0.016039721564860367,0.032389240244877014,0.09769670010312483
eversex,LSO2014DHS,CY2014Q4,LSO_1_8,Qacha's Nek,all,female,Y020_024,33,94,84.04105535650142,0.935686374211782,0.028724154203755032,0.8509370584592538,0.9737387389350338
sex12m,LSO2014DHS,CY2014Q4,LSO_1_8,Qacha's Nek,all,female,Y020_024,33,94,84.04105535650142,0.8167949199291676,0.04408080987786889,0.714516387072025,0.8881659399809351
sexcohab,LSO2014DHS,CY2014Q4,LSO_1_8,Qacha's Nek,all,female,Y020_024,33,94,84.04105535650142,0.5682316422428703,0.05575097418886846,0.4574200006983398,0.6726099618702247
sexnonreg,LSO2014DHS,CY2014Q4,LSO_1_8,Qacha's Nek,all,female,Y020_024,33,94,84.04105535650142,0.24856327768629738,0.05941069633393095,0.15062425368473184,0.38157563937119804
sexpaid12m,LSO2014DHS,CY2014Q4,LSO_1_8,Qacha's Nek,all,female,Y020_024,33,94,84.04105535650142,0,0,,
sti12m,LSO2014DHS,CY2014Q4,LSO_1_8,Qacha's Nek,all,female,Y020_024,33,94,84.04105535650142,0.21524101069286328,0.04927511984558869,0.13407729610267416,0.3269841101598047
eversex,LSO2014DHS,CY2014Q4,LSO_1_8,Qacha's Nek,all,female,Y025_029,34,76,68.38766983127395,1,0,,
sex12m,LSO2014DHS,CY2014Q4,LSO_1_8,Qacha's Nek,all,female,Y025_029,34,76,68.38766983127395,0.9345731760953822,0.02645210326734541,0.8595150913327042,0.9708876110299266
sexcohab,LSO2014DHS,CY2014Q4,LSO_1_8,Qacha's Nek,all,female,Y025_029,34,76,68.38766983127395,0.7345985640685817,0.05437811934293126,0.6157194624591718,0.8270328470385714
sexnonreg,LSO2014DHS,CY2014Q4,LSO_1_8,Qacha's Nek,all,female,Y025_029,34,76,68.38766983127395,0.19997461202680042,0.05064445351151429,0.11848086159620233,0.3173426778929329
sexpaid12m,LSO2014DHS,CY2014Q4,LSO_1_8,Qacha's Nek,all,female,Y025_029,34,76,68.38766983127395,0,0,,
sti12m,LSO2014DHS,CY2014Q4,LSO_1_8,Qacha's Nek,all,female,Y025_029,34,76,68.38766983127395,0.2487001404377692,0.05624318390691892,0.15505060355209221,0.37388432684373946
eversex,LSO2014DHS,CY2014Q4,LSO_1_9,Mokhotlong,all,female,Y015_024,36,288,236.74187129637963,0.595905416208815,0.025643088639484137,0.5448084320741581,0.645004024294429
sex12m,LSO2014DHS,CY2014Q4,LSO_1_9,Mokhotlong,all,female,Y015_024,36,288,236.74187129637963,0.5173727543519638,0.029604414865789002,0.45937577669051854,0.5749054271874116
sexcohab,LSO2014DHS,CY2014Q4,LSO_1_9,Mokhotlong,all,female,Y015_024,36,288,236.74187129637963,0.3510377879782454,0.03652381667097374,0.2831858882985174,0.42549680699995546
sexnonreg,LSO2014DHS,CY2014Q4,LSO_1_9,Mokhotlong,all,female,Y015_024,36,288,236.74187129637963,0.1663349663737184,0.026853147198520208,0.12011122565777387,0.22578283059546447
sexpaid12m,LSO2014DHS,CY2014Q4,LSO_1_9,Mokhotlong,all,female,Y015_024,36,288,236.74187129637963,0,0,,
sti12m,LSO2014DHS,CY2014Q4,LSO_1_9,Mokhotlong,all,female,Y015_024,36,289,237.4731684057335,0.1043364095914965,0.016359002186424415,0.07634703921217191,0.14102025223600143
eversex,LSO2014DHS,CY2014Q4,LSO_1_9,Mokhotlong,all,female,Y015_019,36,178,145.16008307207485,0.40860416557007295,0.03299197564153612,0.3458498784029691,0.47448585295140694
sex12m,LSO2014DHS,CY2014Q4,LSO_1_9,Mokhotlong,all,female,Y015_019,36,178,145.16008307207485,0.3506068344318393,0.03488395876876659,0.28563765476881053,0.4216315033117195
sexcohab,LSO2014DHS,CY2014Q4,LSO_1_9,Mokhotlong,all,female,Y015_019,36,178,145.16008307207485,0.2162793824641551,0.03523766337401055,0.1551278374799497,0.2931721028936843
sexnonreg,LSO2014DHS,CY2014Q4,LSO_1_9,Mokhotlong,all,female,Y015_019,36,178,145.16008307207485,0.13432745196768422,0.028221014644974694,0.08795272050727905,0.19979757051233835
sexpaid12m,LSO2014DHS,CY2014Q4,LSO_1_9,Mokhotlong,all,female,Y015_019,36,178,145.16008307207485,0,0,,
sti12m,LSO2014DHS,CY2014Q4,LSO_1_9,Mokhotlong,all,female,Y015_019,36,178,145.16008307207485,0.09049606227652762,0.022802464405456375,0.054650945451012845,0.14621537476317173
eversex,LSO2014DHS,CY2014Q4,LSO_1_9,Mokhotlong,all,female,Y020_024,33,110,91.59032746286546,0.8891231168223044,0.0371332618528653,0.7930742947960906,0.9437509678291751
sex12m,LSO2014DHS,CY2014Q4,LSO_1_9,Mokhotlong,all,female,Y020_024,33,110,91.59032746286546,0.7784426586527406,0.05005527940273933,0.6654729710144857,0.8612184955662564
sexcohab,LSO2014DHS,CY2014Q4,LSO_1_9,Mokhotlong,all,female,Y020_024,33,110,91.59032746286546,0.5620003398481933,0.05889350071180269,0.44530905907228246,0.6722129851183872
sexnonreg,LSO2014DHS,CY2014Q4,LSO_1_9,Mokhotlong,all,female,Y020_024,33,110,91.59032746286546,0.21644231880454734,0.04582667596335417,0.13989924171315474,0.31931662224642104
sexpaid12m,LSO2014DHS,CY2014Q4,LSO_1_9,Mokhotlong,all,female,Y020_024,33,110,91.59032746286546,0,0,,
sti12m,LSO2014DHS,CY2014Q4,LSO_1_9,Mokhotlong,all,female,Y020_024,33,111,92.3182976609463,0.1258908555525185,0.025848818092934885,0.08331134340957162,0.18582095334455562
eversex,LSO2014DHS,CY2014Q4,LSO_1_9,Mokhotlong,all,female,Y025_029,34,92,77.0406481629985,1,0,,
sex12m,LSO2014DHS,CY2014Q4,LSO_1_9,Mokhotlong,all,female,Y025_029,34,92,77.0406481629985,0.9203256032697674,0.02856414063148466,0.8433382854183653,0.9612192709107701
sexcohab,LSO2014DHS,CY2014Q4,LSO_1_9,Mokhotlong,all,female,Y025_029,34,92,77.0406481629985,0.7222721722964853,0.053844176460905536,0.605793088685043,0.8148531046756188
sexnonreg,LSO2014DHS,CY2014Q4,LSO_1_9,Mokhotlong,all,female,Y025_029,34,92,77.0406481629985,0.19805343097328215,0.03586101963502373,0.13692889043501774,0.27768480446925853
sexpaid12m,LSO2014DHS,CY2014Q4,LSO_1_9,Mokhotlong,all,female,Y025_029,34,92,77.0406481629985,0,0,,
sti12m,LSO2014DHS,CY2014Q4,LSO_1_9,Mokhotlong,all,female,Y025_029,34,92,77.0406481629985,0.20659770205745207,0.03210130800938629,0.15066454365636944,0.2765348519917387
eversex,LSO2014DHS,CY2014Q4,LSO_1_10,Thaba-Tseka,all,female,Y015_024,36,220,196.64485448394004,0.6353033661934,0.045029784107511066,0.5434192744256158,0.7182824437760866
sex12m,LSO2014DHS,CY2014Q4,LSO_1_10,Thaba-Tseka,all,female,Y015_024,36,220,196.64485448394004,0.5399974441075998,0.04130526866597665,0.45869917586535247,0.6192215212311792
sexcohab,LSO2014DHS,CY2014Q4,LSO_1_10,Thaba-Tseka,all,female,Y015_024,36,220,196.64485448394004,0.42420454117523,0.04081167445046834,0.3468261022434456,0.5054863806716758
sexnonreg,LSO2014DHS,CY2014Q4,LSO_1_10,Thaba-Tseka,all,female,Y015_024,36,220,196.64485448394004,0.11579290293236975,0.023066581747916187,0.07766858151242677,0.1691979443993453
sexpaid12m,LSO2014DHS,CY2014Q4,LSO_1_10,Thaba-Tseka,all,female,Y015_024,36,220,196.64485448394004,0,0,,
sti12m,LSO2014DHS,CY2014Q4,LSO_1_10,Thaba-Tseka,all,female,Y015_024,36,222,198.5654114843518,0.08211605656450315,0.016257624443953015,0.05537326620695921,0.12013188599175377
eversex,LSO2014DHS,CY2014Q4,LSO_1_10,Thaba-Tseka,all,female,Y015_019,36,122,108.73022512073206,0.3558482261055472,0.05236074864700914,0.2609292565330296,0.4636353706083927
sex12m,LSO2014DHS,CY2014Q4,LSO_1_10,Thaba-Tseka,all,female,Y015_019,36,122,108.73022512073206,0.3003117607831459,0.04197893997588303,0.22489277793455595,0.3883508081196483
sexcohab,LSO2014DHS,CY2014Q4,LSO_1_10,Thaba-Tseka,all,female,Y015_019,36,122,108.73022512073206,0.19749916424545577,0.034430682488659145,0.13850339252174287,0.27364230488173485
sexnonreg,LSO2014DHS,CY2014Q4,LSO_1_10,Thaba-Tseka,all,female,Y015_019,36,122,108.73022512073206,0.10281259653769015,0.027725260868125604,0.05977880716908211,0.17118532878076254
sexpaid12m,LSO2014DHS,CY2014Q4,LSO_1_10,Thaba-Tseka,all,female,Y015_019,36,122,108.73022512073206,0,0,,
sti12m,LSO2014DHS,CY2014Q4,LSO_1_10,Thaba-Tseka,all,female,Y015_019,36,122,108.73022512073206,0.04453593848846554,0.019212033749360837,0.018876042019456505,0.10147007793075515
eversex,LSO2014DHS,CY2014Q4,LSO_1_10,Thaba-Tseka,all,female,Y020_024,33,98,88.00984796952288,0.9656368333451193,0.019435939850662297,0.8991476787910128,0.9888357895072623
sex12m,LSO2014DHS,CY2014Q4,LSO_1_10,Thaba-Tseka,all,female,Y020_024,33,98,88.00984796952288,0.8233209241277027,0.05373848101695959,0.6931619029479302,0.9057727359859487
sexcohab,LSO2014DHS,CY2014Q4,LSO_1_10,Thaba-Tseka,all,female,Y020_024,33,98,88.00984796952288,0.692184486577583,0.05813399280565771,0.5684630859185401,0.7933307401991402
sexnonreg,LSO2014DHS,CY2014Q4,LSO_1_10,Thaba-Tseka,all,female,Y020_024,33,98,88.00984796952288,0.13113643755011978,0.036187334860250955,0.07492175553729566,0.21952071044466917
sexpaid12m,LSO2014DHS,CY2014Q4,LSO_1_10,Thaba-Tseka,all,female,Y020_024,33,98,88.00984796952288,0,0,,
sti12m,LSO2014DHS,CY2014Q4,LSO_1_10,Thaba-Tseka,all,female,Y020_024,33,100,89.93397812021118,0.12556318662717958,0.028932159613400357,0.0789112421607815,0.1939869329502577
eversex,LSO2014DHS,CY2014Q4,LSO_1_10,Thaba-Tseka,all,female,Y025_029,33,94,84.35049825048594,0.9874857147310926,0.012474821210791383,0.9160421864108234,0.9982507798540221
sex12m,LSO2014DHS,CY2014Q4,LSO_1_10,Thaba-Tseka,all,female,Y025_029,33,95,85.33507846860631,0.8959374957038346,0.03325357541318812,0.8105854752871933,0.9454188220400398
sexcohab,LSO2014DHS,CY2014Q4,LSO_1_10,Thaba-Tseka,all,female,Y025_029,33,95,85.33507846860631,0.8117050919670827,0.04041841444480321,0.7196682429832292,0.8786213254671972
sexnonreg,LSO2014DHS,CY2014Q4,LSO_1_10,Thaba-Tseka,all,female,Y025_029,33,95,85.33507846860631,0.08423240373675192,0.0273645558616535,0.04387757458767169,0.15565971959333125
sexpaid12m,LSO2014DHS,CY2014Q4,LSO_1_10,Thaba-Tseka,all,female,Y025_029,33,95,85.33507846860631,0,0,,
sti12m,LSO2014DHS,CY2014Q4,LSO_1_10,Thaba-Tseka,all,female,Y025_029,33,95,85.33507846860631,0.1335653431361127,0.03883930717213502,0.07394651273784064,0.22934704918484156
